id,title,description,activity_type,start_date,duration_moving_min,duration_elapsed_min,distance_miles,total_elevation_gain_ft,avg_hr,hr_std,max_hr,average_watts,weighted_average_watts,max_watts,rowing_avg_watts_manual,rowing_splits,average_speed_mph,max_speed_mph,average_cadence,calories,strava_relative_effort,hr_device_name,gear_name
15297892580,Training again,"5x12'/80""r. Took the middle 3 a bit harder",Rowing,2025-07-28 11:54:26+00:00,65.4,65.4,0,0,172.7,20,197,,,,176.6440958,125.6,0,0,19.4,967,139,Garmin Forerunner 245,Not Available
15297928675,"4x15'/90""r",Felt pretty good. Nice to be back in the basement,Rowing,2025-07-29 11:16:28+00:00,64.6,64.6,0,0,160.9,14.5,172,,,,161.9095515,129.3,0,0,18,881,90,Garmin Forerunner 245,Not Available
15297945742,Ride w/ Zeke,I've come to the realization that I'm not fit enough to ride with people while wearing the equivalent of a parachute as a jersey. Bike rips though,Ride,2025-07-31 09:52:29+00:00,94.4,139.1,24.54,962.6,153.6,23.8,183,126.2,,,,,15.59,35.44,,1117,101,Garmin Forerunner 245,Not Available
15308307142,Checking out a route other than the SRT,"Led by brittany ashe, and accompanied by Zeke K and Isaac Berman. Great fun",Ride,2025-08-01 10:44:29+00:00,114.7,142.3,27.56,1113.8,123.6,17.8,162,106.3,,,,,14.42,32.21,,801,28,Garmin Forerunner 245,Not Available
15321542553,Ride w/ Zeke and Isaac,Had to hurry back for lunch. Good cap on a good week,Ride,2025-08-02 11:31:38+00:00,231.5,311.1,60.26,1956,146.7,17.5,184,121.7,,,,,15.62,31.61,,2329,165,Garmin Forerunner 245,Not Available
15340629769,1x SS,First time rowing in ages,Rowing,2025-08-04 11:22:09+00:00,70.6,74.1,7.06,424.9,128.3,15.8,152,,,,,,6,8.57,35.4,838,20,Garmin Forerunner 245,Not Available
15354112142,Morning Workout,,Workout,2025-08-04 14:30:45+00:00,51.7,95.4,2.2,44.3,98.2,10.1,129,,,,,,2.55,7.22,53.4,447,6,Garmin Forerunner 245,Not Available
15354145730,4x8’/6’r,Low rate. Not very fast but I feel like I’m rowing decently,Rowing,2025-08-05 11:31:12+00:00,78.9,100.2,7.55,282.8,112.8,14.8,150,,,,,,5.74,9.89,53.4,606,14,Garmin Forerunner 245,Not Available
15357655784,Afternoon Ride w/ Livia,This area is not as nice as I hoped for biking.,Ride,2025-08-05 17:52:49+00:00,102,153.2,22.54,481,130.1,11.3,155,74.4,,,,,13.25,23.31,,812,26,Garmin Forerunner 245,Not Available
15390656237,"Drills, SS, some intensity",Bit of a smorgasbord. Catches are better when I think about them but not muscle memory yet,Rowing,2025-08-06 11:38:07+00:00,82.5,101,6.48,254.9,115.9,11.3,144,,,,,,4.71,10.81,60.3,802,14,Garmin Forerunner 245,Not Available
15391886602,2x20’ @threshold HR,Pushing it a bit,Ride,2025-08-08 18:50:32+00:00,122.7,129.4,36.35,747,163.7,17.7,190,148.3,,,,,17.77,34.55,,1465,187,Garmin Forerunner 245,Not Available
15398803878,SS in 1x,Just getting a few meters before coaching,Rowing,2025-08-09 10:26:15+00:00,48.7,49.7,5.37,234.9,152.2,14.1,170,,,,,,6.61,9.17,59.9,634,44,Garmin Forerunner 245,Not Available
15413662951,Ride w/ John,Totally forgot how much hills suck,Ride,2025-08-10 14:27:25+00:00,136.8,173.6,33.82,1859.6,149.8,17.8,185,128.3,,,,,14.83,38.66,,1490,114,Garmin Forerunner 245,Not Available
15438746636,Morning Ride,"Woke up, had way too much moka pot, started riding, got super jittery and over caffeinated, turned back",Ride,2025-08-11 11:14:09+00:00,46.6,49,11.97,336.9,148.4,8.2,167,107.1,,,,,15.39,29.05,,527,31,Garmin Forerunner 245,Not Available
15438750979,"4x15'/90""r",Opportunities like this are why I always keep a spare uni in the car,Rowing,2025-08-11 16:40:31+00:00,64.6,64.6,0,0,160.9,13.8,171,,,,172.4911936,126.6,0,0,18.1,884,90,Garmin Forerunner 245,Not Available
15438808028,Afternoon Ride,Hit my first lift in months this afternoon so treated myself to the jersey buff for this ride,Ride,2025-08-12 21:55:17+00:00,83.8,88,22.83,916,156.2,10.4,181,137.6,,,,,16.36,36.1,,990,90,Garmin Forerunner 245,Not Available
15448676719,3x20’,,Rowing,2025-08-13 17:55:49+00:00,64.1,64.1,0,0,156.4,18.4,171,,,,169.6613168,127.3,0,0,19,834,73,Garmin Forerunner 245,Not Available
15455364321,Morning Ride,Got rained on,Ride,2025-08-14 10:20:36+00:00,79.2,79.2,22.5,897.6,160.1,10.6,188,141.7,,,,,17.03,35.48,,1039,102,Garmin Forerunner 245,Not Available
15505665519,Afternoon Ride,,Ride,2025-08-18 20:03:03+00:00,90.9,92.1,25.69,1469.8,160,12.6,182,161.6,,,,,16.95,41.16,,1122,119,Garmin Forerunner 245,Not Available
15511895177,Morning Ride,Wahoo really let itself down today,Ride,2025-08-19 11:14:41+00:00,69.5,70.7,18.22,1196.5,155.9,8.2,176,155.1,,,,,15.73,38.79,,862,73,Garmin Forerunner 245,Not Available
15517215912,2x20’,,Rowing,2025-08-19 19:25:07+00:00,42.1,42.1,0,0,161.1,13.6,178,,,,169.6613168,127.3,0,0,19.8,575,58,Garmin Forerunner 245,Not Available
15529460154,Let’s just call it 3x12’,Better!,Rowing,2025-08-20 19:37:35+00:00,65.5,65.5,0,0,166.2,18.1,192,,,,177.0666892,125.5,0,0,19.2,841,108,Garmin Forerunner 245,Not Available
15535884162,Morning Ride,"Cold, windy and rainy",Ride,2025-08-21 10:43:39+00:00,103.8,105.7,25.48,1451.4,141.6,11.7,168,125.1,,,,,14.72,40.86,,898,48,Garmin Forerunner 245,Not Available
15547050003,3x20’,With Pirla. Got a little bit silly with it on the last one,Rowing,2025-08-22 12:22:24+00:00,64.4,64.4,0,0,158.1,14.1,186,,,,166.5024603,128.1,0,0,18.8,824,77,Garmin Forerunner 245,Not Available
15579855643,Morning Ride,"Every time I go out in a tshirt, I’m shocked at how much slower I am than in a jersey",Ride,2025-08-25 10:23:14+00:00,90.5,93.4,23.33,1604.3,158,13.6,180,149.1,,,,,15.47,38.61,,1148,107,Garmin Forerunner 245,Not Available
15604974500,3x20’,,Rowing,2025-08-26 17:17:34+00:00,64.1,64.1,0,0,154.7,14,168,,,,164.9524086,128.5,0,0,18.1,769,66,Garmin Forerunner 245,Not Available
15610878988,Morning Ride,Mott’s really needs to step up its game. Way behind Welch in the chew department,Ride,2025-08-27 10:46:41+00:00,137.4,138.9,33.88,2508.5,144.1,11.5,168,143.9,,,,,14.79,44.92,,1254,75,Garmin Forerunner 245,Not Available
15616971294,40’ Pyramid (8’@18->22->18),Debut of the CC HPG,Rowing,2025-08-28 13:00:53+00:00,57.9,57.9,0,0,166.9,31.4,194,,,,206.1326153,119.3,0,0,19.6,834,111,Garmin Forerunner 245,Not Available
15626079882,Morning Ride,"If I’m going to get up in time for the sunrise, I should really stop starting my rides to the west",Ride,2025-08-29 10:23:30+00:00,124.7,129.9,33.29,1895.7,148.7,9.9,174,146.1,,,,,16.01,39.15,,1266,87,Garmin Forerunner 245,Not Available
15672145835,Afternoon Run,,Run,2025-09-01 21:50:58+00:00,37.3,38.5,3.36,63.6,132.1,17.6,159,,,,,,5.4,8.01,74.7,444,10,Garmin Forerunner 245,Nike Pegasus
15672169338,2x30’,,Rowing,2025-09-02 13:24:49+00:00,62.1,62.1,0,0,155.9,13.6,170,,,,167.2847728,127.9,0,0,18.9,775,70,Garmin Forerunner 245,Not Available
15695258839,2x20',Ran out of time but 4am wakeup yesterday made me not unhappy to stop,Rowing,2025-09-03 13:07:30+00:00,42.1,42.1,0,0,158.8,14.3,170,,,,165.7250181,128.3,0,0,18.3,597,55,Garmin Forerunner 245,Not Available
15695264021,2x20' UT1,Another short one between morning session and office. Went a bit harder to compensate,Rowing,2025-09-04 12:52:30+00:00,42.1,42.1,0,0,167.5,20,185,,,,193.6984652,121.8,0,0,20.2,637,72,Garmin Forerunner 245,Not Available
15700278782,Too many mornings,"And not enough riding. Nice to get out, even for just a bit",Ride,2025-09-04 22:02:18+00:00,57,57,15.49,919.9,158.9,9.3,174,158.2,,,,,16.3,42.28,,778,69,Garmin Forerunner 245,Not Available
15710688286,40’ Pyramid,Definitely coming back into form. 2.3 faster than last week and feeling way more pop,Rowing,2025-09-05 17:26:06+00:00,53.2,53.2,0,0,173.2,24.8,198,,,,218.5296948,117,0,0,,834,119,Garmin Forerunner 245,Not Available
15739340336,Morning Ride,Started to get a bit snackish towards the end,Ride,2025-09-08 10:27:47+00:00,106.9,113.8,28.97,1688.6,152.1,12.7,178,153.6,,,,,16.26,40.97,,1198,93,Garmin Forerunner 245,Not Available
15751130741,Tekkers,Still can’t row port,Rowing,2025-09-09 10:47:26+00:00,51.8,57.4,5.38,0,137.3,21.6,158,,,,,,6.23,9.89,54.9,475,23,Garmin Forerunner 245,Not Available
15770170333,Dessert,Needed to get some movement in,Run,2025-09-11 00:02:27+00:00,30.5,30.7,3.36,249,158.6,11.1,174,,,,,,6.6,8.16,77.8,452,35,Garmin Forerunner 245,Nike Pegasus
15778371118,3x20’,"1&2 on erg, 3 in the tanks. Trying to keep sharp for HOCR",Rowing,2025-09-11 17:24:00+00:00,64,64,0,0,152.8,13.9,166,,,,185.8091821,123.5,0,0,18.3,716,59,Garmin Forerunner 245,Not Available
15785666927,Morning Ride,,Ride,2025-09-12 11:34:06+00:00,60.4,60.4,15.27,914.7,145.5,9.1,168,138.7,,,,,15.16,42.46,,666,34,Garmin Forerunner 245,Not Available
15790640457,40’ Pyramid,Another 1.4 splits down,Rowing,2025-09-12 17:16:05+00:00,52.2,52.2,0,0,174.9,23.7,194,,,,226.5658982,115.6,0,0,19.8,836,124,Garmin Forerunner 245,Not Available
15801891575,Ride w/ Milker and Marcho,Weeeee,Ride,2025-09-13 19:20:33+00:00,136.9,147,36.77,1384.5,138.8,13.9,167,134.8,,,,,16.11,39.71,,1175,58,Garmin Forerunner 245,Not Available
15834945175,Morning Row,Intended 2x30’ but didn’t fuel enough and started getting wicked dizzy,Rowing,2025-09-16 12:23:15+00:00,36.4,36.4,0,0,151.5,14.4,175,,,,180.496458,124.7,0,0,20.1,449,31,Garmin Forerunner 245,Not Available
15834950017,Afternoon Run,Forgot my headphones,Run,2025-09-16 18:06:09+00:00,40.3,40.3,4.52,296.6,162.9,9.8,172,,,,,,6.73,7.54,77.6,611,59,Garmin Forerunner 245,Nike Pegasus
15842528728,Morning Ride,Need to get more carbs in,Ride,2025-09-17 11:02:28+00:00,98.4,98.8,23.79,1627,137,12.1,163,132.8,,,,,14.51,34.94,,857,37,Garmin Forerunner 245,Not Available
15868206962,2x20’ U1,Just getting in what I can,Rowing,2025-09-18 17:40:30+00:00,42,42,0,0,158.7,17.9,177,,,,198.056519,120.9,0,0,20.1,577,52,Garmin Forerunner 245,Not Available
15868210761,20x500m/1’r,"3@22,7@24,7@26,3@28. Heaps of fun.",Rowing,2025-09-19 17:22:15+00:00,70.2,70.2,0,0,165.7,24.3,197,,,,293.0366175,106.1,0,0,24.4,1020,122,Garmin Forerunner 245,Not Available
15880633766,Metric w/ Milker,"Beautiful day for it. Awesome ride too, despite the verbal abuse I received between miles 40-55",Ride,2025-09-20 16:03:51+00:00,235.6,272,62.49,3986.2,142.2,11.3,169,153.4,,,,,15.92,45.19,,2498,116,COROS DURA,Not Available
15913620508,3x20’ steady,Pretty good!,Rowing,2025-09-23 17:28:28+00:00,64.1,64.1,0,0,149.5,13.8,161,,,,,,0,0,19.6,715,48,Garmin Forerunner 245,Not Available
15924601516,"3x10’/5’r (5’@24,3’@26,2’@28)",Lemme flip through the ol’ excuses notebook,Rowing,2025-09-24 13:17:35+00:00,56.7,56.7,0,0,161.7,31.5,197,,,,263.6786504,109.9,0,0,24.5,746,90,Garmin Forerunner 245,Not Available
15945176204,40’/30’ U2,Gotta love Fridays,Rowing,2025-09-26 17:06:25+00:00,72.3,72.3,0,0,150.5,11.9,159,,,,174.9671062,126,0,0,19.8,801,53,Garmin Forerunner 245,Not Available
15956837212,Jaunt w/ John,Cutting it awfully close to the waterfront event at 3:30,Ride,2025-09-27 15:59:52+00:00,155.2,179.5,40.15,3047.9,143.3,13.7,174,156.6,,,,,15.52,41.16,,1677,83,COROS DURA,Not Available
15993665491,3x20’,"Erg, tanks, erg",Rowing,2025-09-30 17:08:52+00:00,64,64,0,0,149.2,15.9,167,,,,,,0,0,19.1,795,49,Garmin Forerunner 245,Not Available
16001419583,3x10’/5’r,Big improvement from last week,Rowing,2025-10-01 16:40:37+00:00,54.5,54.5,0,0,154,28.5,197,,,,270.264218,109,0,0,24.6,682,66,Garmin Forerunner 245,Not Available
16023037431,60’ U2,Started watch a hair late,Rowing,2025-10-03 17:46:01+00:00,58.7,58.7,0,0,159.7,14.1,170,,,,178.7706072,125.1,0,0,20,859,78,Garmin Forerunner 245,Not Available
16047013233,Bike to Livia’s,I knew it was probably going to be a struggle when I felt myself bonking at 60mi. Next time I’ll probably just drive,Ride,2025-10-05 11:32:16+00:00,521.4,661.9,124.15,5447.2,148.6,14.2,178,108.4,,,,,14.29,39.41,,5086,388,Garmin Forerunner 245,Not Available
16087423399,30’/20’ UT2,Cian texted me at 20’ he was at the BH then texted me “take 10-15’” right after I hit menu,Rowing,2025-10-07 17:58:22+00:00,53.8,53.8,0,0,147.7,12.5,161,,,,177.9159285,125.3,0,0,19.9,663,36,Garmin Forerunner 245,Not Available
16087432570,2x35’ UT2,,Rowing,2025-10-09 15:39:48+00:00,72,72,0,0,150.7,14.8,161,,,,176.2228462,125.7,0,0,20.1,902,58,Garmin Forerunner 245,Not Available
16098718523,3x10’/5’r,Had to back off a bit on the second but recovered nicely,Rowing,2025-10-10 17:28:19+00:00,56.2,56.2,0,0,154.7,32,198,,,,274.0178345,108.5,0,0,24.7,707,76,Garmin Forerunner 245,Not Available
16141719541,"20’ erg, 10’ tanks",Just did not feel good. I think likely dehydrated,Rowing,2025-10-14 12:46:42+00:00,32,32,0,0,147.8,16.6,172,,,,,,0,0,19.1,402,24,Garmin Forerunner 245,Not Available
16141723934,40’ Assault Bike,,Ride,2025-10-14 18:24:05+00:00,40,40,0,0,164.2,21.2,182,,,,,,0,0,,623,61,Garmin Forerunner 245,Not Available
16151335621,3x10’/5’r,And now we taper! Or be lazy for the next few days,Rowing,2025-10-15 14:06:28+00:00,60.2,60.2,0,0,158.2,27.3,201,,,,273.2615759,108.6,0,0,24.2,786,82,Garmin Forerunner 245,Not Available
16165701061,10k UT1.5(?),Realizing that there’s several hours between the end of work and bedtime being underutilized,Rowing,2025-10-16 22:15:15+00:00,41.3,41.3,0,0,153.5,17.7,170,,,,184.9093813,123.7,0,0,20.1,577,44,Garmin Forerunner 245,Not Available
16174029937,Viva BGBC,Way better than I could’ve reasonably expected,Rowing,2025-10-17 17:58:53+00:00,68.8,78.2,7.64,20.7,120.4,24.3,173,,,,,,6.67,11.31,51.1,584,20,Garmin Forerunner 245,Not Available
16244291700,HOCR Alum 8,Great time. Wonder what’s in the tank for next year,Rowing,2025-10-18 14:21:25+00:00,76,130.1,8.5,30.8,70.3,18.3,117,,,,,,6.71,11.59,59.3,336,4,Garmin Forerunner 245,Not Available
16244300980,3x20’ UT2,,Rowing,2025-10-23 20:08:26+00:00,64.1,64.1,0,0,151.2,13.3,166,,,,,,0,0,19.9,819,55,Garmin Forerunner 245,Not Available
16244304071,3x12’/6’r r22,Lots of fun!,Rowing,2025-10-24 17:22:03+00:00,63.3,63.3,0,0,158.8,28.4,197,,,,253.8531468,111.3,0,0,21.7,814,91,Garmin Forerunner 245,Not Available
16283528583,Morning Run,"Spent the first 20’ on the arboretum jogging trails, which are very nice, if a bit hilly",TrailRun,2025-10-28 13:13:48+00:00,49.7,50.5,5.22,650.9,163.2,16.7,183,,,,,,6.29,9.21,79,746,68,Garmin Forerunner 245,Nike Pegasus
16285417288,3x20’,HR and splits both weirdly high,Rowing,2025-10-28 18:55:21+00:00,64.1,64.1,0,0,162.1,17.2,173,,,,171.2707415,126.9,0,0,20,931,93,Garmin Forerunner 245,Not Available
16296207683,45’,,Rowing,2025-10-29 20:05:32+00:00,45,45,0,0,159.6,17.6,169,,,,174.9671062,126,0,0,20.1,668,61,Garmin Forerunner 245,Not Available
16305665582,3x12’/6’r r22,Came in pretty flat but surprised myself on the effort. 0.5 faster than last week,Rowing,2025-10-30 15:51:47+00:00,62.1,62.1,0,0,164.9,26.3,201,,,,257.3053185,110.8,0,0,21.8,863,105,Garmin Forerunner 245,Not Available
16342740441,Cambridge 13.1 w/ Livia,Very fun run with Livia but my joints are definitely feeling it. Also things got super gritty in the cafe bathroom post run.,Run,2025-11-02 12:25:11+00:00,141.9,144.1,13.22,135.8,146.4,8.9,168,,,,,,5.59,9.22,78,1769,63,Garmin Forerunner 245,Nike Pegasus
16375491474,60’ Z2,Just getting in some work before Zamboni lessons,Ride,2025-11-04 22:21:21+00:00,60.1,60.1,0,0,152.7,14.4,165,,,,,,0,0,,788,55,Garmin Forerunner 245,Not Available
16375491445,Lunch Row,,Rowing,2025-11-05 16:10:08+00:00,46.9,46.9,0,0,153.7,15.2,169,,,,174.5511782,126.1,0,0,20.1,640,47,Garmin Forerunner 245,Not Available
16379486840,Evening Ride,Padding the stats,Ride,2025-11-06 23:39:15+00:00,60.1,60.1,0,0,143,15.2,155,,,,,,0,0,,670,35,Garmin Forerunner 245,Not Available
16387454988,3x12’/6’r r22,,Rowing,2025-11-07 17:09:13+00:00,82,82,0,0,154.7,26.2,199,,,,255.9169835,111,0,0,21.4,997,99,Garmin Forerunner 245,Not Available
16426151847,3x20’ steady,RPE pretty low so I’ll take it,Rowing,2025-11-10 19:37:12+00:00,64,64,0,0,157.5,17.3,169,,,,175.3843567,125.9,0,0,20.1,885,79,Garmin Forerunner 245,Not Available
16426184771,3x12’/6’r r22,,Rowing,2025-11-11 14:06:29+00:00,61.8,61.8,0,0,166.3,26.5,200,,,,259.4067128,110.5,0,0,21.9,857,111,Garmin Forerunner 245,Not Available
16430441817,70’ Z2,,Ride,2025-11-11 22:03:32+00:00,70,70,0,0,149.3,9.7,164,,,,,,0,0,,840,54,Garmin Forerunner 245,Not Available
16441160035,60’ Z2,,Ride,2025-11-12 23:27:24+00:00,60,60,0,0,145,16.8,157,,,,,,0,0,,701,40,Garmin Forerunner 245,Not Available
16446033185,40’,C? UT1? AT? Who knows,Rowing,2025-11-13 13:21:19+00:00,47.1,47.1,0,0,172.2,28.6,203,,,,225.3940079,115.8,0,0,24.5,747,109,Garmin Forerunner 245,Not Available
16458945334,"4x6’/4’r (2’@24,26,28)",Felt pretty good to rip it. Perks of being large,Rowing,2025-11-14 18:50:03+00:00,71.1,71.1,0,0,145.2,26.4,200,,,,291.3857109,106.3,0,0,24.2,787,65,Garmin Forerunner 245,Not Available
16489742441,2x40’ Z2,Finally got my hr strap working,Ride,2025-11-17 22:15:43+00:00,82,82,21.43,0,146.9,5.8,160,185.9,189,317,,,15.68,20.13,85.9,997,57,COROS DURA,Not Available
16495656004,3x20’,6 eggs and a smoothie is entirely too much before steady,Rowing,2025-11-18 14:13:04+00:00,64,64,0,0,158.3,14.3,169,,,,,,0,0,20.3,829,89,Garmin Forerunner 245,Not Available
16506416914,"5x10’/3’r (20,22,22,24,26)",Think the beet root powder is giving me crazy indigestion,Rowing,2025-11-19 14:23:52+00:00,84.2,84.2,0,0,158.6,33.1,197,,,,240.6458158,113.3,0,0,22.4,1057,134,Garmin Forerunner 245,Not Available
16517431492,"3x24’ (6’@20,6’@22)",,Rowing,2025-11-20 17:16:07+00:00,77.1,77.1,0,0,155.5,16,169,,,,186.7148304,123.3,0,0,21,940,95,Garmin Forerunner 245,Not Available
16526531797,1x SS,W/ Isaac Berman,Rowing,2025-11-21 15:09:04+00:00,78.8,82.6,8.92,0,156.5,17.7,176,,,,,,6.79,8.8,57,897,100,Garmin Forerunner 245,Not Available
16535645198,40’ MI,Probably would’ve gone sub 6:20 if my collegiate winter training had been done in the hallway instead of the old spot,Rowing,2025-11-22 15:58:03+00:00,55.9,55.9,0,0,171.1,22.4,197,,,,249.1230867,112,0,0,23.3,821,122,Garmin Forerunner 245,Not Available
16553664600,60’ UT2,,Rowing,2025-11-24 15:40:20+00:00,60,60,0,0,150.2,7.9,160,,,,177.4906316,125.4,0,0,20.2,678,47,Garmin Forerunner 245,Not Available
16565957471,6x10’/3’r (20/22/22/24/24/26),"Usually when my HR stays this low, it means my HR monitor is broken",Rowing,2025-11-25 19:05:35+00:00,84.7,84.7,0,0,163.1,23.8,195,,,,251.8114423,111.6,0,0,22.6,1133,138,Garmin Forerunner 245,Not Available
16578140034,3x24’,"First two 6’@20/22, last one 4’@20/22/24. Gotta eat more if I’m gonna erg this soon after lifting",Rowing,2025-11-26 18:38:39+00:00,77.1,77.1,0,0,159.6,16.8,173,,,,200.5342618,120.4,0,0,21.4,1078,111,Garmin Forerunner 245,Not Available
16584132188,40’ MI,Legs were pretty cooked but got it done. Onto the feast!,Rowing,2025-11-27 16:07:12+00:00,49.2,49.2,0,0,167.7,24.9,188,,,,245.8161866,112.5,0,0,24.5,767,98,Garmin Forerunner 245,Not Available
16623447890,70' Z2 (1/2),Zwift died 45’ in so had to switch over to my bike computer,VirtualRide,2025-12-01 22:11:18+00:00,47.1,75.7,14.18,984.3,148.7,18,163,188.3,190,340,,,18.05,32.21,81,507,44,Zwift,Not Available
16623440398,70’ Z2 (2/2),,Ride,2025-12-01 22:58:18+00:00,25,25,6.76,0,155.9,5.2,163,194,193,307,,,16.2,22.37,81.7,318,31,COROS DURA,Not Available
16629061852,6x10’/4’r (22/22/24/24/26/26+),I am not a morning person,Rowing,2025-12-02 13:15:49+00:00,93.1,93.1,0,0,167.8,23.4,196,,,,254.5386185,111.2,0,0,,0,187,Strava App,Not Available
16642121752,2x30’,,Rowing,2025-12-03 19:26:56+00:00,62.1,62.1,0,0,151.3,8.7,162,,,,179.2,125,0,0,,0,58,Strava App,Not Available
16650697238,3x20’ UT1,"1&2: 5’@20,22. 3:5@22,24",Rowing,2025-12-04 18:06:45+00:00,64.1,64.1,0,0,160.8,14.7,176,,,,194.655787,121.6,0,0,21.8,872,94,Garmin Forerunner 245,Not Available
16658271256,45’ MI,Always very exciting to pull aggressively mediocre splits at a maximal intensity,Rowing,2025-12-05 15:01:59+00:00,63.4,63.4,0,0,173.7,28.2,195,,,,240.0097479,113.4,0,0,23.9,998,159,Garmin Forerunner 245,Not Available
16680083095,40’ Z2,,Ride,2025-12-07 22:55:19+00:00,40,40,10.56,0,138.4,9.5,151,192.6,192,304,,,15.83,19.46,84.6,504,18,COROS DURA,Not Available
16688362980,10k UT2,,Rowing,2025-12-08 20:02:01+00:00,41.9,41.9,0,0,153,10.9,166,,,,177.0666892,125.5,0,0,20.1,534,42,Garmin Forerunner 245,Not Available
16697612783,6x10’/4’r,"22,24,24,24,26,28

Gritty. Sorta glad I won’t have to do 6x10 ever again",Rowing,2025-12-09 19:16:50+00:00,92.5,92.5,0,0,166.6,29.4,198,,,,260.8203702,110.3,0,0,,0,189,Strava App,Not Available
16724206740,50’ MI,Definitely still a little sick,Rowing,2025-12-12 17:11:17+00:00,79.8,79.8,0,0,167.6,27.8,199,,,,238.7443212,113.6,0,0,,0,165,Strava App,Not Available
16751998650,2x30’ UT2,Thinking podcasts are the way to go for steady,Rowing,2025-12-15 19:23:20+00:00,62.2,62.2,0,0,152.6,12.2,168,,,,175.3843567,125.9,0,0,20.1,737,65,Garmin Forerunner 245,Not Available
16762215988,"5x10’/4’r (24,24,26,26,28)",I’ve done too many sessions in socks. Feet are a bit tender to be erging barefoot rn,Rowing,2025-12-16 20:48:35+00:00,79.2,79.2,0,0,173.1,26.1,200,,,,262.9601803,110,0,0,24.9,1159,188,Garmin Forerunner 245,Not Available
16770386606,60’ Assault Bike,,Ride,2025-12-17 18:12:06+00:00,60.1,60.1,0,0,153.6,11.4,179,,,,,,0,0,,777,63,Garmin Forerunner 245,Not Available
16780271161,4x18’ UT1,6’@20/22/24,Rowing,2025-12-18 21:04:02+00:00,78.1,78.1,0,0,159.7,18.1,178,,,,210.8690965,118.4,0,0,22,1019,110,Garmin Forerunner 245,Not Available
16787982823,40’ MI,First 2/3rds. Gonna be gritty on Christmas,Rowing,2025-12-19 20:43:42+00:00,60,60,0,0,171.9,24.6,194,,,,242.5675568,113,0,0,24.3,923,137,Garmin Forerunner 245,Not Available
16814435272,4x10’/4’r,"24/26/26/28
I’m sure throwing up between pieces sucks but getting the hiccups in between is no treat either",Rowing,2025-12-22 19:52:12+00:00,65.8,65.8,0,0,166.8,24.6,191,,,,266.578848,109.5,0,0,24.8,921,127,Garmin Forerunner 245,Not Available
16822424274,2x30’ UT2,"Screen down, keeping HR sub 150 as best u could",Rowing,2025-12-23 17:07:57+00:00,62,62,0,0,146.5,11.7,155,,,,164.5679043,128.6,0,0,20.5,654,41,Garmin Forerunner 245,Not Available
16832219548,2x20’ UT2 + 5’@ pace,Nearly gametime,Rowing,2025-12-24 18:52:36+00:00,51,51,0,0,149.8,13,173,,,,178.3425852,125.2,0,0,20.8,590,42,Garmin Forerunner 245,Not Available
16837667983,Hour of Power,First gift of Christmas! Big PR w/ Isaac Berman,Rowing,2025-12-25 13:46:18+00:00,78.5,78.5,0,0,181.8,20.5,200,,,,253.8531468,111.3,0,0,25.2,1322,240,Garmin Forerunner 245,Not Available
16896480311,Lunch Row,,Rowing,2025-12-27 16:18:16+00:00,45,45,0,0,146.5,10.6,161,,,,,,0,0,19.5,498,30,Garmin Forerunner 245,Not Available
16896485666,40’ Treadmill,,Run,2025-12-29 20:27:02+00:00,40,40.1,4.15,0,159.5,10.1,168,,,,,,6.22,7.06,78.9,579,55,Garmin Forerunner 245,Nike Pegasus
16896493037,50’ UT2,,Rowing,2025-12-30 16:53:29+00:00,50,50,0,0,152.2,7.3,162,,,,,,0,0,20.2,612,46,Garmin Forerunner 245,Not Available
16947446090,Afternoon Row,,Rowing,2026-01-03 22:30:27+00:00,64.1,64.1,0,0,156.6,14.5,167,,,,174.9671062,126,0,0,20.1,800,84,Garmin Forerunner 245,Not Available
16947445912,Lunch Row,,Rowing,2026-01-05 17:12:31+00:00,42,42,0,0,143.7,12.6,159,,,,169.6613168,127.3,0,0,18.7,441,26,Garmin Forerunner 245,Not Available
16985771054,Afternoon Ride,,Ride,2026-01-06 19:58:54+00:00,75.2,76.9,15.14,868.1,144.3,13,169,98.1,,,,,12.07,29.04,,768,49,Garmin Forerunner 245,Not Available
16985773778,Morning Ride,,Ride,2026-01-08 14:28:15+00:00,22.7,22.7,4.6,339.9,137.9,27.7,180,116.3,,,,,12.19,31.74,,261,16,Garmin Forerunner 245,Not Available
16985776317,Evening Ride,,Ride,2026-01-08 23:36:03+00:00,33.3,33.7,6.58,420.3,125,27.3,167,98.2,,,,,11.84,30.76,,301,13,Garmin Forerunner 245,Not Available
16985758303,Evening Ride,,Ride,2026-01-09 01:08:30+00:00,51,51,11.35,0,151.5,5.3,162,141.9,144,244,,,13.35,18.12,83.2,473,45,COROS DURA,Not Available
17027634735,Afternoon Row,,Rowing,2026-01-09 19:00:37+00:00,42.1,42.1,0,0,143,16.1,161,,,,172.900587,126.5,0,0,20,493,26,Garmin Forerunner 245,Not Available
17027634890,Afternoon Run,,Run,2026-01-09 19:46:21+00:00,20,20,2.12,0,156.1,7.5,165,,,,,,6.36,6.74,80.3,293,24,Garmin Forerunner 245,Nike Pegasus
17027649669,Lunch Workout,,Workout,2026-01-10 17:37:40+00:00,34.9,45.4,1.34,299.9,99.2,10.1,119,,,,,,2.3,6.76,52.7,213,4,Garmin Forerunner 245,Not Available
17017761872,Afternoon Ride,,Ride,2026-01-11 21:59:49+00:00,70.1,70.1,17.29,0,140.5,8,158,168.3,169,382,,,14.8,19.01,81.5,771,33,COROS DURA,Not Available
17027653950,Afternoon Row,,Rowing,2026-01-12 20:22:52+00:00,42.1,42.1,0,0,152.9,16.9,168,,,,176.2228462,125.7,0,0,20.1,525,45,Garmin Forerunner 245,Not Available
17027659717,Afternoon Workout,,Workout,2026-01-12 21:08:47+00:00,19.4,20,1.82,127.6,164.3,9.1,170,,,,,,5.64,7.38,81.4,314,32,Garmin Forerunner 245,Not Available
17075132804,Morning Ride,,Ride,2026-01-13 14:44:13+00:00,24,24,4.63,331.7,94.8,11.6,120,105.7,,,,,11.59,29.39,,110,2,Garmin Forerunner 245,Not Available
17075136656,Afternoon Ride,,Ride,2026-01-13 20:39:53+00:00,45.8,45.8,0,0,159.7,12.6,185,,,,,,0,0,,663,66,Garmin Forerunner 245,Not Available
17075148729,Afternoon Ride,,Ride,2026-01-13 22:10:55+00:00,21.3,22.2,4.54,253.6,108.7,17.9,149,101.9,,,,,12.76,30.76,,143,3,Garmin Forerunner 245,Not Available
17153361502,Afternoon Ride,,Ride,2026-01-14 22:17:46+00:00,75,75,0,0,141.9,7.2,154,,,,,,0,0,,739,39,Garmin Forerunner 245,Not Available
17153365042,Morning Ride,,Ride,2026-01-15 14:51:35+00:00,23.4,23.4,4.57,326.1,87.7,6,106,104.1,,,,,11.74,29.45,,86,2,Garmin Forerunner 245,Not Available
17153428903,Afternoon Ride,,Ride,2026-01-15 19:13:36+00:00,21.1,22.1,4.58,257.9,117.4,22.8,155,108.8,,,,,13.01,31.76,,172,4,Garmin Forerunner 245,Not Available
17063294830,566cal TT,"38:50, 333.2w, 14.3cal/min",Workout,2026-01-15 21:18:09+00:00,39,39,0,0,185,9.6,201,333,,,,,0,0,,0,129,Strava App,Not Available
17153540670,Afternoon Ride,,Ride,2026-01-16 19:04:00+00:00,40.1,40.1,0,0,145.7,9.2,169,,,,,,0,0,,472,26,Garmin Forerunner 245,Not Available
17277942458,Evening Ride,,Ride,2026-01-20 00:40:41+00:00,84.8,84.8,20.09,0,150.1,10.4,166,161.6,167,651,,,14.22,18.34,80,896,75,COROS DURA,Not Available
17153579742,Afternoon Ride,,Ride,2026-01-20 21:12:31+00:00,45,45,0,0,148.7,7.9,158,,,,,,0,0,,558,31,Garmin Forerunner 245,Not Available
17153587679,Lunch Row,,Rowing,2026-01-21 17:47:19+00:00,64.5,64.5,0,0,153.2,15,169,,,,171.2707415,126.9,0,0,20.2,796,70,Garmin Forerunner 245,Not Available
17277942464,Evening Ride,,Ride,2026-01-23 00:40:46+00:00,65.2,65.2,14.77,0,145.8,8.1,159,144.5,145,320,,,13.6,17.22,73.8,616,41,COROS DURA,Not Available
17209770295,Lunch Row,,Rowing,2026-01-25 17:13:54+00:00,97.6,97.6,0,0,149.6,13.5,167,,,,173.3112771,126.4,0,0,20.3,1038,84,Garmin Forerunner 245,Not Available
17277942459,Evening Ride,,Ride,2026-01-27 23:19:02+00:00,72,72,17.43,0,140.3,10.3,165,165.4,169,304,,,14.51,18.12,79.6,780,38,COROS DURA,Not Available
17277942664,Afternoon Ride,,Ride,2026-01-28 22:30:17+00:00,60,60,16.2,0,157.7,15.1,182,203.9,210,321,,,16.19,21.7,81.7,801,77,COROS DURA,Not Available
17228242129,Lunch Ride,,Ride,2026-01-29 17:29:07+00:00,45,45,0,0,171.4,16.4,187,,,,,,0,0,,726,95,Garmin Forerunner 245,Not Available
17228246625,Morning Ride,,Ride,2026-01-30 13:44:57+00:00,45.1,45.1,0,0,153.6,7.8,160,,,,,,0,0,,589,48,Garmin Forerunner 245,Not Available
17266934999,Afternoon Workout,,NordicSki,2026-02-01 20:11:56+00:00,54.4,68.3,3.04,142.4,122.3,16.3,168,,,,,,3.35,8.86,57.7,518,12,Garmin Forerunner 245,Not Available
17263996950,4x20’,,Rowing,2026-02-02 18:24:43+00:00,86.2,86.2,0,0,155.7,12.4,173,,,,174.5511782,126.1,0,0,,0,104,Strava App,Not Available
17277942519,Afternoon Ride,,Ride,2026-02-03 22:18:49+00:00,72,72,17.5,0,151.6,7.8,168,166.2,169,263,,,14.57,19.01,80.4,783,66,COROS DURA,Not Available
17286659816,Lunch Row,,Rowing,2026-02-04 16:47:38+00:00,62.9,62.9,0,0,158.1,14.8,174,,,,174.5511782,126.1,0,0,20.5,828,84,Garmin Forerunner 245,Not Available
17300549164,Afternoon Ride,,Ride,2026-02-05 21:58:23+00:00,60.2,60.2,15,0,140.9,9.2,157,175,177,338,,,14.94,19.24,84.2,689,29,COROS DURA,Not Available
17307798451,Morning Row,,Rowing,2026-02-06 14:23:45+00:00,68.9,68.9,0,0,166.2,25.9,194,,,,242.5675568,113,0,0,22.6,921,132,Garmin Forerunner 245,Not Available
17341584103,Lunch Run,,Run,2026-02-09 16:39:19+00:00,58.8,61.7,6,53.5,164.6,9.5,177,,,,,,6.13,7.89,79.6,864,97,Garmin Forerunner 245,Nike Pegasus
17363155379,Afternoon Row,,Rowing,2026-02-10 19:59:05+00:00,64,64,0,0,155.5,14.5,167,,,,174.9671062,126,0,0,20.1,793,79,Garmin Forerunner 245,Not Available
17366228174,Lunch Row,,Rowing,2026-02-11 17:14:42+00:00,81.1,81.1,0,0,157.9,15.5,171,,,,172.900587,126.5,0,0,20.4,1007,111,Garmin Forerunner 245,Not Available
17380193020,Afternoon Ride,,Ride,2026-02-12 19:25:04+00:00,92,92,0,0,145.1,8.4,158,,,,,,0,0,,904,60,Garmin Forerunner 245,Not Available
17386853167,Lunch Ride,,Ride,2026-02-13 17:44:18+00:00,59.2,59.2,0,0,167.7,22.5,195,,,,,,0,0,,852,114,Garmin Forerunner 245,Not Available
17419482704,Lunch Yoga,,Yoga,2026-02-15 16:33:40+00:00,46.1,46.1,0,0,121.4,30.2,179,,,,,,0,0,,366,16,Garmin Forerunner 245,Not Available
17419494308,Afternoon Row,,Rowing,2026-02-16 18:14:00+00:00,64.1,64.1,0,0,155.4,15.8,166,,,,,,0,0,19.5,771,81,Garmin Forerunner 245,Not Available
17433235790,Afternoon Ride,,Ride,2026-02-17 19:36:43+00:00,71,71,0,0,142.3,6.8,153,,,,,,0,0,,695,40,Garmin Forerunner 245,Not Available
17442963915,Lunch Ride,,Ride,2026-02-18 17:32:22+00:00,82,82,0,0,133.2,8.9,143,,,,,,0,0,,655,20,Garmin Forerunner 245,Not Available
17464177234,Afternoon Ride,,Ride,2026-02-19 22:36:14+00:00,61.6,61.6,0,0,135.8,19.1,154,,,,,,0,0,,605,28,Garmin Forerunner 245,Not Available
17464861799,Afternoon Ride,,Ride,2026-02-20 19:22:58+00:00,60,60,0,0,144.2,5.3,151,,,,,,0,0,,634,39,Garmin Forerunner 245,Not Available
17474000508,Morning Row,,Rowing,2026-02-21 14:08:12+00:00,97.7,97.7,0,0,155.7,11,167,,,,166.1131328,128.2,0,0,19.7,1105,120,Garmin Forerunner 245,Not Available
17520524978,Morning Ride,,Ride,2026-02-25 15:49:47+00:00,90,90,20.3,0,138.5,5.1,151,143.1,143,319,,,13.53,17.45,84.1,843,34,COROS DURA,Not Available
17534332602,Afternoon Row,,Rowing,2026-02-26 19:06:06+00:00,64.1,64.1,0,0,152.7,13.6,163,,,,165.3381116,128.4,0,0,20,897,70,Garmin Forerunner 245,Not Available
17546599354,Afternoon Ride,,Ride,2026-02-27 22:29:35+00:00,60,60,0,0,141.5,7.5,154,,,,,,0,0,,739,33,Garmin Forerunner 245,Not Available
17557811523,Afternoon Ride,,Ride,2026-02-28 19:29:57+00:00,130.7,134.8,31.32,2772.3,152.5,12.4,183,161.3,,,,,14.38,41.38,,1555,127,COROS DURA,Not Available
17582406592,Evening Ride,,Ride,2026-03-02 23:28:08+00:00,60.3,60.3,14.42,0,135.7,4.7,146,161.3,162,383,,,14.35,17.9,90.3,636,16,COROS DURA,Not Available
17587562271,Morning Ride,,Ride,2026-03-03 12:01:49+00:00,59.9,59.9,14.62,0,137.4,5.6,150,165.6,167,307,,,14.64,18.57,87.1,649,19,COROS DURA,Not Available
17607630942,Evening Ride,,Ride,2026-03-04 23:32:58+00:00,40,40,9.83,0,134.6,7.7,146,168.1,168,269,,,14.74,18.57,93.2,440,11,COROS DURA,Not Available
17623148420,Afternoon Row,,Rowing,2026-03-05 21:12:02+00:00,107.5,107.5,0,0,160.2,20.1,199,,,,,,0,0,26.5,1422,154,Garmin Forerunner 245,Not Available
17736922082,Afternoon Gravel Ride,,GravelRide,2026-03-06 19:53:35+00:00,64.4,73.3,11.93,1086,135.7,15.8,168,118,,,,,11.12,32.21,,629,28,COROS DURA,Not Available
17734638580,Afternoon Ride,,Ride,2026-03-09 21:50:57+00:00,52.4,66.4,12.05,746.4,145.5,13.5,169,119,,,,,13.8,34.54,,693,36,Garmin Forerunner 245,Not Available
17734651042,Morning Workout,,Workout,2026-03-11 11:39:38+00:00,85.5,95.2,9.13,0,142.9,22,164,,,,,,6.41,10.66,49.6,949,57,Garmin Forerunner 245,Not Available
17734657877,Afternoon Run,,Run,2026-03-12 21:50:54+00:00,37.4,38,3.66,150.6,153.8,10.8,170,,,,,,5.86,7.87,77.4,567,38,Garmin Forerunner 245,Nike Pegasus
17734676600,Morning Workout,,Workout,2026-03-13 13:00:42+00:00,87,96.1,9.19,0,150.6,22.8,188,,,,,,6.34,11.4,58.2,1085,78,Garmin Forerunner 245,Not Available
17736922053,Afternoon Ride,,Ride,2026-03-15 20:34:28+00:00,90,90,20.12,0,136.7,4.7,148,141.2,141,276,,,13.4,20.58,83.7,832,27,COROS DURA,Not Available
17744880073,6x15',,Rowing,2026-03-16 14:43:11+00:00,97.6,97.6,0,0,145.4,12.4,157,,,,159.676348,129.9,0,0,20,1137,64,Garmin Forerunner 245,Not Available
17752421272,Morning Ride,,Ride,2026-03-17 10:11:40+00:00,60.3,60.3,13.71,0,133.7,5.5,143,147.7,148,329,,,13.65,17.67,86.6,582,15,COROS DURA,Not Available
17774006960,Evening Ride,,Ride,2026-03-19 00:12:51+00:00,60,60,13.72,0,138.6,5.2,154,146.7,147,352,,,13.71,17.45,84.7,576,20,COROS DURA,Not Available
17797380039,Morning Workout,,Workout,2026-03-20 11:18:54+00:00,89.2,138.8,11.21,0,156.9,29.6,185,,,,,,7.54,30.78,60.1,1397,118,Garmin Forerunner 245,Not Available
17834210895,Lunch Row,,Rowing,2026-03-23 16:44:14+00:00,62,62,0,0,149.2,13,172,,,,,,0,0,19.8,866,49,Garmin Forerunner 245,Not Available
17847399917,Evening Ride,,Ride,2026-03-24 22:46:28+00:00,45,45,10.77,0,134.5,5,147,159.4,159,251,,,14.36,17,89.4,470,11,COROS DURA,Not Available
17860343733,Evening Ride,,Ride,2026-03-25 23:50:04+00:00,60.5,60.5,14.42,0,135.5,6.3,146,158.3,159,274,,,14.3,21.92,89.9,627,18,COROS DURA,Not Available
18005707546,Evening Ride,,Ride,2026-03-26 23:47:14+00:00,65.3,65.3,0,0,137.2,10.6,149,,,,,,0,0,,758,23,Garmin Forerunner 245,Not Available
18005717367,Lunch Ride,,Ride,2026-03-30 16:18:38+00:00,71,71,0,0,135.9,8.4,148,146,,,,,0,0,,790,21,Garmin Forerunner 245,Not Available
18005830186,Afternoon Ride,,Ride,2026-03-31 20:12:17+00:00,60.1,60.1,0,0,142.9,7.6,157,147,,,,,0,0,,771,35,Garmin Forerunner 245,Not Available
18005835665,Morning Ride,,Ride,2026-04-02 10:43:59+00:00,60,60,0,0,133.5,12.8,154,,,,,,0,0,,688,20,Garmin Forerunner 245,Not Available
18005840460,Afternoon Ride,,Ride,2026-04-04 21:05:30+00:00,60.1,60.1,0,0,155.6,13.3,173,170,,,,,0,0,,892,67,Garmin Forerunner 245,Not Available
17993155715,Afternoon Ride,,Ride,2026-04-05 21:59:20+00:00,60,60,13.61,0,142.2,4.5,154,139.7,139,147,,,13.61,19.91,84.9,548,31,COROS DURA,Not Available
18005851389,Lunch Ride,,Ride,2026-04-06 16:41:55+00:00,82,82,0,0,145,11,161,143,,,,,0,0,,1097,52,Garmin Forerunner 245,Not Available
18019886096,Evening Ride,,Ride,2026-04-07 22:02:35+00:00,60,60,14.41,0,143.2,5.3,152,139.4,139,223,,,14.39,17.67,89.4,548,35,COROS DURA,Not Available
18034040356,Evening Ride,,Ride,2026-04-08 22:02:19+00:00,60,60,14.34,0,134.7,4.6,147,139.3,139,187,,,14.33,18.79,89.7,547,15,COROS DURA,Not Available
18046203187,Afternoon Ride,,Ride,2026-04-09 19:09:01+00:00,72.1,72.1,0,0,127.2,15.8,148,145,,,,,0,0,,717,17,Garmin Forerunner 245,Not Available
18059242363,Afternoon Run,,Run,2026-04-10 21:55:13+00:00,60,60,5.28,189,151.1,11,171,,,,,,5.28,8.24,74.3,784,51,Garmin Forerunner 245,Nike Pegasus
18112386880,Lunch Ride,,Ride,2026-04-13 16:03:10+00:00,94.7,94.7,0,0,135.4,11.9,153,144,,,,,0,0,,948,35,Garmin Forerunner 245,Not Available
18111682274,Afternoon Ride,,Ride,2026-04-14 21:17:28+00:00,120.8,120.8,27.25,0,129.9,4.1,142,128.3,129,218,,,13.54,17.67,84.9,1013,27,COROS DURA,Not Available
18124610437,Afternoon Run,,Run,2026-04-15 21:06:44+00:00,48.9,49,4.5,158.5,152.7,13.5,171,,,,,,5.53,16.78,74,678,47,Garmin Forerunner 245,Nike Pegasus
18138626674,Evening Ride,,Ride,2026-04-16 22:24:06+00:00,61,61,14.18,0,131.9,4.1,146,137.3,138,191,,,13.95,21.7,88.8,548,14,COROS DURA,Not Available
18151868029,Evening Ride,,Ride,2026-04-17 22:14:05+00:00,50.9,50.9,11.77,0,130.9,5.1,142,135.8,137,186,,,13.86,18.79,89.2,452,12,COROS DURA,Not Available
18185540435,Morning Ride,,Ride,2026-04-20 14:49:05+00:00,60,60,13.9,0,134.5,7,150,139.2,139,174,,,13.89,18.34,87.8,546,18,COROS DURA,Not Available
18196966949,Morning Ride,,Ride,2026-04-21 11:35:43+00:00,61.1,61.1,13.74,0,127.8,4.5,140,136.5,138,212,,,13.49,17.67,86.6,546,13,COROS DURA,Not Available
18272317599,Morning Run,,Run,2026-04-22 11:43:38+00:00,40.1,40.1,3.37,96.1,134.3,9.5,159,,,,,,5.04,7.83,78.4,456,10,Garmin Forerunner 245,Nike Pegasus
18272320845,Afternoon Ride,,Ride,2026-04-23 19:31:23+00:00,61.1,61.1,0,0,141.5,6.5,152,140,,,,,0,0,,713,32,Garmin Forerunner 245,Not Available
18272324049,Afternoon Ride,,Ride,2026-04-24 21:00:57+00:00,30.7,31.4,6.36,361.9,133.4,21.9,160,90.7,,,,,12.43,29.71,,361,13,Garmin Forerunner 245,Not Available
18272330868,Evening Ride,,Ride,2026-04-24 23:31:11+00:00,28,28,6.21,408.1,105.7,9.8,133,119.7,,,,,13.32,32.57,,194,4,Garmin Forerunner 245,Not Available
18285179590,Evening Ride,,Ride,2026-04-27 22:16:34+00:00,60.8,60.8,14.06,0,128,4.4,141,137.7,138,166,,,13.89,16.33,88.7,547,13,COROS DURA,Not Available
18299388572,Evening Ride,,Ride,2026-04-28 22:39:12+00:00,60,60,13.93,0,139.6,4,149,139.1,139,163,,,13.92,21.25,90.1,546,22,COROS DURA,Not Available
18306972926,Morning Run,,Run,2026-04-29 12:13:22+00:00,10,10,1.11,70.9,157.6,19.2,175,,,,,,6.69,8.01,80.5,158,12,Garmin Forerunner 245,Nike Pegasus
18311394387,Afternoon Ride,,Ride,2026-04-29 17:38:48+00:00,40.8,40.8,0,0,139.3,15.4,153,141,,,,,0,0,,525,21,Garmin Forerunner 245,Not Available
18338900710,Afternoon Ride,,Ride,2026-05-01 21:46:38+00:00,66.4,69.8,15.1,1020.3,143.1,12.4,176,125.8,,,,,13.65,36.91,,716,39,COROS DURA,Not Available
18365915187,Afternoon Ride,,Ride,2026-05-03 21:33:59+00:00,73.8,75,15.21,1076.1,147.6,11.3,179,114.8,,,,,12.37,40.04,,833,56,COROS DURA,Not Available
18371497608,Morning Ride,,Ride,2026-05-04 11:37:22+00:00,67.4,68.9,15.2,1053.1,144.2,12.1,173,128.5,,,,,13.52,38.7,,733,42,COROS DURA,Not Available
18391527624,Afternoon Ride,,Ride,2026-05-05 20:52:39+00:00,68.7,69,15.2,1017.1,141.4,8.9,168,123.9,,,,,13.27,38.92,,724,33,COROS DURA,Not Available
18763847523,Lunch Ride,,Ride,2026-05-06 15:05:09+00:00,68.7,70.2,15.14,974.4,144.8,11.6,172,120.9,,,,,13.24,35.75,,834,42,Garmin Forerunner 245,Not Available
18418866238,Afternoon Ride,,Ride,2026-05-07 21:52:19+00:00,66.3,66.3,15.2,1040,148.5,13.6,176,129.2,,,,,13.75,39.59,,756,56,COROS DURA,Not Available
18471360916,Evening Ride,,Ride,2026-05-12 00:26:26+00:00,60,60,12.96,0,138.4,4.2,151,139.4,139,145,,,12.96,17,86.2,547,22,COROS DURA,Not Available
18483778252,Afternoon Ride,,Ride,2026-05-12 21:29:55+00:00,75.2,75.2,15.18,1010.5,138.2,9,166,107.7,,,,,12.11,39.59,,764,30,COROS DURA,Not Available
18769329089,Afternoon Ride,,Ride,2026-05-14 18:11:02+00:00,40.4,40.4,0,0,153.5,7.2,163,,,,,,0,0,,620,43,Garmin Forerunner 245,Not Available
18549541765,Evening Ride,,Ride,2026-05-17 23:19:17+00:00,60,60,13.54,0,130.1,4.4,141,145.9,146,303,,,13.53,24.16,85.8,573,13,COROS DURA,Not Available
18561165973,Afternoon Ride,,Ride,2026-05-18 21:48:50+00:00,77,77.7,15.17,1010.5,153.1,12.2,182,104.1,,,,,11.81,38.92,,922,79,COROS DURA,Not Available
18574705592,Afternoon Ride,,Ride,2026-05-19 21:45:40+00:00,60,60,14.32,0,138,4.7,150,139.4,139,192,,,14.31,18.12,88.4,547,21,COROS DURA,Not Available
18602262329,Afternoon Ride,,Ride,2026-05-21 20:59:33+00:00,112.1,178,23.34,1496.1,146,12.7,175,108.6,,,,,12.49,29.08,,1245,76,COROS DURA,Not Available
18668026389,Evening Ride,,Ride,2026-05-25 23:12:05+00:00,51.2,51.2,12.83,0,133.1,4.4,145,136.1,138,145,,,15.05,21.25,86.9,456,12,COROS DURA,Not Available
18668026362,Afternoon Ride,,Ride,2026-05-26 21:23:29+00:00,102.7,109.4,22.4,1460,135.6,10.7,163,116.9,,,,,13.09,30.42,,1006,37,COROS DURA,Not Available
18674408519,Morning Ride,,Ride,2026-05-27 11:15:52+00:00,64.9,65.4,13.87,1056.4,133.2,12.1,159,124.3,,,,,12.82,37.58,,618,22,COROS DURA,Not Available
18688025971,Morning Ride,,Ride,2026-05-28 10:22:09+00:00,90.3,92.3,19.02,1427.2,132.1,11.8,158,119.2,,,,,12.64,33.78,,848,29,COROS DURA,Not Available
18742224108,Morning Ride,,Ride,2026-06-01 12:31:44+00:00,93.1,100.2,22.39,584,139,10.5,170,103.5,,,,,14.43,26.62,,1008,40,COROS DURA,Not Available
18758217391,Morning Ride,,Ride,2026-06-02 14:50:29+00:00,109.1,115.8,27.57,849.7,138.5,12,184,124.7,,,,,15.16,34.23,,1178,48,COROS DURA,Roadie
18768832093,Morning Ride,,Ride,2026-06-03 10:20:59+00:00,80.9,95.8,19.55,380.6,137.6,12.4,164,105.8,,,,,14.49,21.25,,862,33,COROS DURA,Roadie
18782934007,Morning Ride,,Ride,2026-06-04 10:43:48+00:00,90.7,97,19.67,1240.2,135.7,8.6,162,115.7,,,,,13.02,34,,945,31,COROS DURA,Not Available
18839981833,Morning Row,,Rowing,2026-06-08 12:35:47+00:00,10,10,0,0,163.5,13.8,179,,,,170.8664835,127,0,0,20,167,15,Garmin Forerunner 245,Not Available
18839990739,Morning Row,,Rowing,2026-06-08 12:50:01+00:00,42.3,42.3,0,0,178,12.5,195,,,,243.8600988,112.8,0,0,25,768,116,Garmin Forerunner 245,Not Available
18853823688,Lunch Ride,,Ride,2026-06-09 16:35:49+00:00,60.8,60.8,0,0,137.3,6.1,151,134,,,,,0,0,,676,19,Garmin Forerunner 245,Not Available
18870570744,Afternoon Ride,,Ride,2026-06-10 19:48:38+00:00,95.7,97.2,22.25,564.3,138.1,9.1,167,160.9,,,,,13.96,24.61,,1025,36,COROS DURA,SBC Gravel
18879402737,Morning Ride,,Ride,2026-06-11 13:21:26+00:00,103.6,128.2,23.77,590.6,135.7,8.4,161,158.2,,,,,13.76,25.05,,1077,33,COROS DURA,SBC Gravel
18890832685,Morning Ride,,Ride,2026-06-12 12:14:05+00:00,88.7,90,19.4,666,134.3,7.8,156,152.9,,,,,13.12,29.53,,909,26,COROS DURA,SBC Gravel
18903964392,Morning Ride,,Ride,2026-06-13 11:10:08+00:00,132.4,157.7,30.41,1053.1,128.8,10.1,155,105.8,,,,,13.78,34,,1259,34,COROS DURA,Roadie
18929762916,Morning Row,,Rowing,2026-06-15 13:16:04+00:00,10.1,10.1,0,0,156.5,16.9,173,,,,170.8664835,127,0,0,19.9,152,12,Garmin Forerunner 245,Not Available
18929768851,Morning Row,,Rowing,2026-06-15 13:30:31+00:00,46.5,46.5,0,0,167.6,12.5,184,,,,236.2400307,114,0,0,24.6,749,86,Garmin Forerunner 245,Not Available
18935693957,Afternoon Ride,,Ride,2026-06-15 20:28:34+00:00,138.8,143.5,36.1,1200.8,139.4,11.9,169,132.5,,,,,15.6,36.01,,1511,66,COROS DURA,Not Available
18950452731,Afternoon Ride,Bonked pretty hard in back third. Hadn’t eaten/drank much today and a bit of apple juice and a sanpellegrino was insufficient,Ride,2026-06-16 20:05:55+00:00,162.5,169.1,40.56,1190.9,139.8,9.5,165,115.5,,,,,14.98,32.88,,1781,71,COROS DURA,Roadie
18972612596,Afternoon Row,Erg/run/erg. Last one feet out. HR was really slow in coming up and went down super quick which I think is good. Monitor unplugged,Rowing,2026-06-17 19:56:16+00:00,64.3,64.3,0,0,141,11.6,154,,,,,,0,0,20.3,730,33,Garmin Forerunner 245,Not Available
18972853003,Morning Row,"Erg/elliptical/erg. Monitor unplugged, feet out. HR very high, function of drinking a decent bit last night. 3 beers, 3 glasses of wine and a tad of scotch but hydrated and still felt totally manageable. Am I getting fit?",Rowing,2026-06-18 14:29:29+00:00,64,64,0,0,149.7,11.7,163,,,,,,0,0,26.5,854,57,Garmin Forerunner 245,Not Available
19024717249,Morning Ride,"Fun ride in speed suit w/ Isaac and (for a bit) Ben. A hair higher than comfortable aerobic pace, getting into UT2, but still fine. Probably needed after this weekend's boozing.",Ride,2026-06-22 14:12:43+00:00,142.3,167.7,38.65,1194.2,142.2,17,185,144.1,,,,,16.29,30.2,,1598,88,COROS DURA,Not Available
19036112097,WU,"3bpm lower than last week @2:10, same HR otherwise (144,164,169)",Rowing,2026-06-23 12:42:09+00:00,10,10,0,0,154.4,16.7,174,,,,170.8664835,127,0,0,20.2,151,11,Garmin Forerunner 245,Not Available
19036156171,18x500m,"0.8 faster, same avg and max HR as last week. Felt a bit easier off start too",Rowing,2026-06-23 12:55:35+00:00,52,52,0,0,167.4,13.2,184,,,,241.2841332,113.2,0,0,25.1,830,95,Garmin Forerunner 245,Not Available
19049366071,Morning Ride,"Probably closer to 1:20, with about 20' of meandering around Boston streets to get onto the trail. HRM apparently has low battery, so bear in mind when looking at HR data",Ride,2026-06-24 11:27:11+00:00,122.3,129.8,27.81,557.7,126.7,9.5,148,156.5,,,,,13.64,21.25,,1101,27,COROS DURA,SBC Gravel
19066070663,Afternoon Ride,1mph faster than 6/4 when I did this last. 5bpm higher on average but otherwise was pretty relaxed. Quite pleased,Ride,2026-06-25 18:46:20+00:00,84,84,19.54,1273,140.9,8,163,129.5,,,,,13.95,33.55,,932,39,COROS DURA,Not Available
19073292913,Morning Ride,"Same HR as 6/4, 0.6mph faster. Remember that it takes a sec to warmup on the bike",Ride,2026-06-26 11:07:37+00:00,87.7,87.7,19.66,1286.1,136.2,6.9,157,124.6,,,,,13.45,34.23,,917,28,COROS DURA,Not Available
19099525373,Evening Ride,"Using wrist HR. W/ Livia and Hannah. Super chill ride, just tacking on a few minutes to round out the week",Ride,2026-06-27 23:05:24+00:00,52.7,71.3,11.08,325.1,111.9,7.9,133,82.1,,,,,12.62,22.74,,380,8,Garmin Forerunner 245,Not Available
19110175421,Morning Row,,Rowing,2026-06-29 12:56:15+00:00,10,10,0,0,151.2,12.5,169,,,,170.8664835,127,0,0,20.1,149,9,Garmin Forerunner 245,Not Available
19112780563,Morning Row,Legs felt a bit heavy and it seemed like HR came up a bit faster and higher on 500s but attributing that to squatting on Saturday. Still solid execution and it felt like it went by reasonably quickly.,Rowing,2026-06-29 13:10:57+00:00,57.9,57.9,0,0,168.3,13.3,186,,,,240.0097479,113.4,0,0,26,931,110,Garmin Forerunner 245,Not Available
19117144294,Evening Run,"W/ 30"" strides at 10:00, 15:30, 21:00. Wanted to add in a bit of a higher leg speed",Run,2026-06-29 23:25:23+00:00,34.3,38.1,3.48,51.5,156,10.3,172,,,,,,6.1,8.9,78.2,517,40,Garmin Forerunner 245,Nike Pegasus
19137415421,2- w/ Sparks,After watching RBC u23 practice. HR went sky high but honestly felt pretty good. I can still row!,Rowing,2026-07-01 12:11:34+00:00,55.5,60.4,6.45,0,163.8,19.6,183,,,,,,6.98,10.66,57.7,864,89,Garmin Forerunner 245,Not Available
19137745754,Berg,"Just tacking on some extra minutes. HR pretty high, watts pretty low (~135), but who cares",Ride,2026-07-01 13:23:22+00:00,30.1,30.1,0,0,137.3,2.9,147,,,,,,0,0,,328,8,Garmin Forerunner 245,Not Available
19155138048,2x30'/3'r Z2 Erg,"On sliders, feet out, monitor unplugged. Felt pretty relaxed. Good place to be erg wise I think",Rowing,2026-07-02 18:38:08+00:00,63,63,0,0,146.3,10.3,158,,,,,,0,0,19.5,732,42,Garmin Forerunner 245,Not Available
19162804833,Morning Ride,"Think I overcaffienated on way out (moka pot), and bonked a bit on way back. Got to remember that fueling is actually fairly important on 2+ hr rides. Otherwise not bad.",Ride,2026-07-03 10:10:05+00:00,152.2,155.4,38.43,1086,138.3,10.2,167,116.9,,,,,15.15,34,,1636,63,COROS DURA,Not Available
19176018597,Morning Ride,About 30' w/ Zeke and Riley going way harder than I'd like (med-high Z2). Fueled w/ honey throughout and think that made a big difference. Felt pretty good after I left them and wasn't bonking nearly as much.,Ride,2026-07-04 10:05:51+00:00,160.6,169.7,41.65,1220.5,139.3,10.4,176,123.7,,,,,15.56,30.87,,1751,71,COROS DURA,Not Available
19207075058,Lunch Row,,Rowing,2026-07-06 16:05:16+00:00,10.1,10.1,0,0,148.9,15.9,168,,,,170.8664835,127,0,0,20.3,142,9,Garmin Forerunner 245,Not Available
19207075247,Lunch Row,,Rowing,2026-07-06 16:18:26+00:00,43.3,43.3,0,0,167.5,14.3,186,,,,243.8600988,112.8,0,0,24.4,701,80,Garmin Forerunner 245,Not Available
19215627777,Morning Ride,"HR seemed a little weird. Dove too low, then rose too high relative to effort. Also a bit sluggish? Probably tires a bit low/headwind/lift yesterday + 500s. Not stressing it, just a bit weird.",Ride,2026-07-07 12:36:57+00:00,130.9,132.4,32.18,1069.6,137.9,9.5,166,115.6,,,,,14.75,33.78,,1398,53,COROS DURA,Not Available
19229233843,Morning Ride,"Pumped up tires, but speed low. HR also low but did not feel amazing. Sluggish and tired. I'm a bit worried I'm getting sick but trying not to read into it too much. Light week coming up.",Ride,2026-07-08 12:02:42+00:00,112.4,115.4,26.02,938.3,134,8.9,161,108.8,,,,,13.89,25.95,,1140,34,COROS DURA,Roadie
19242140022,Evening Run,Chill run w/ Dad and Livia. HR unhappily high but I'll figure it out,Run,2026-07-08 22:48:15+00:00,26.3,26.4,2.51,106.6,148.8,11.4,160,,,,,,5.73,8.01,76.6,370,18,Garmin Forerunner 245,Nike Pegasus
19243798744,Morning Ride,Big headwind on way back. Slept pretty well but still feeling a bit sluggish. I think a lighter week will be good,Ride,2026-07-09 12:44:13+00:00,124.1,124.1,29.58,1086,137.2,8.6,164,115.6,,,,,14.3,31.32,,1310,45,COROS DURA,Not Available
19256236553,Morning Ride,"Fueled with sips of agave from bottle, which seemed to help. Still a bit slow but after looking back, I think I'm pretty on par with my normal speed. Some stretches of really low HR.",Ride,2026-07-10 11:32:01+00:00,129.8,133,31.47,1063,138.3,9.4,169,114.5,,,,,14.55,34.9,,1394,52,COROS DURA,Not Available
19268334937,3x20’ Z2,"Feet out, sliders, unplugged. 142/149/148 HR. My legs were pretty tired and I didn’t think I could get the HR higher very easily (not that I wanted to). Tough mentally but I got it done and a good way to finish the week!",Rowing,2026-07-11 11:15:47+00:00,64,64,0,0,145,12.6,158,,,,,,0,0,19.3,754,41,Garmin Forerunner 245,Not Available
19300894225,Afternoon Ride,"Forgot hrm at home so going off of wrist hr, which doesn’t track very well. That being said, fun ride! Just rolled around and enjoyed myself after a long day in the cheese cave. Avg speed is pretty high compared to last week (state vs tcr too). Weird",Ride,2026-07-13 20:21:07+00:00,115,117.6,27.18,1615.8,127.6,13.1,153,187.6,,,,,14.18,37,,1003,28,Garmin Forerunner 245,SBC Gravel
19314712958,WU,"HR quite low, but legs did not feel great.",Rowing,2026-07-14 20:36:26+00:00,10.1,10.1,0,0,144.7,12.1,160,,,,170.8664835,127,0,0,19.7,135,6,Garmin Forerunner 245,Not Available
19315403277,Afternoon Row,"R26. HR got really high really quick and it felt very hard. Form was pretty bad, which I think was due partially to working/standing in the cheese cave for 7hrs. Got it done though and the splits were solid all considered.",Rowing,2026-07-14 20:53:07+00:00,45.4,45.4,0,0,170.5,16.1,189,,,,265.1234617,109.7,0,0,25.9,753,96,Garmin Forerunner 245,Not Available
19336208598,WU,Wrist HR,Rowing,2026-07-16 12:00:23+00:00,10,10,0,0,145.7,21.4,165,,,,170.8664835,127,0,0,20.3,146,8,Garmin Forerunner 245,Not Available
19336215972,20’ MI,Still rowing badly/tired. 8hrs doing siding yesterday but got it done,Rowing,2026-07-16 12:14:42+00:00,20.1,20.1,0,0,178.8,23.8,193,,,,238.1149428,113.7,0,0,25,368,57,Garmin Forerunner 245,Not Available
19343271811,Afternoon Ride,"Wrist hrm. I had so much fun, it honestly made my day. Didn’t worry too much about heart rate",Ride,2026-07-16 20:44:43+00:00,150.2,156.4,34.81,2396.3,136.6,13.8,166,132.4,,,,,13.91,38.87,,1502,63,Garmin Forerunner 245,Not Available
19354650483,Afternoon Ride,"First bit with Livia. Definitely more of a slog today, especially with 9 holes of golf in the legs",Ride,2026-07-17 19:22:29+00:00,113.2,120.3,24.19,1315.6,132,9.8,158,107.2,,,,,12.82,30.42,,1124,33,COROS DURA,Not Available
19362140266,Morning Ride,Not my day. Tough to breath and felt pretty light headed. I’ve been feeling congested with a scratchy throat since Thursday so maybe sick. 2hrs planned but called it quickly,Ride,2026-07-18 11:36:58+00:00,35.2,35.2,7,587.3,137.4,10.1,161,121.2,,,,,11.92,28.86,,375,14,COROS DURA,Not Available
19432080485,Afternoon Row,,Rowing,2026-07-20 21:07:31+00:00,10.1,10.1,0,0,139.5,20.1,163,,,,170.8664835,127,0,0,20.2,57,5,Garmin Forerunner 245,Not Available
19394843446,18x500,That was by far the hardest one yet. My heart rate would just not come down between pieced and I was pretty lightheaded and contemplating quitting for most of it,Rowing,2026-07-20 21:22:25+00:00,50.8,50.8,0,0,171.2,15,190,,,,269.5217343,109.1,0,0,,0,111,Strava App,Not Available
19419393076,Recovery,"With Livia and fam (plus little cousins). There was a crazy S->N wind, so pace was very low",Ride,2026-07-21 17:50:56+00:00,72.7,114.1,13.81,629.9,112.4,13.5,158,89.7,,,,,11.4,27.74,,537,13,COROS DURA,Not Available
19419393693,Morning Ride,"Crazy tailwind out, crazy headwind back. At least it was flat!",Ride,2026-07-22 13:28:39+00:00,118.6,128.2,28.97,505.2,138.1,7.2,163,99.8,,,,,14.65,25.72,,1272,45,COROS DURA,Not Available
19435231780,Afternoon Ride,,Ride,2026-07-23 17:00:06+00:00,26.4,26.4,5.03,121.4,107.6,10.8,142,75.3,,,,,11.42,22.82,,179,4,COROS DURA,Not Available
19436480690,Afternoon Ride,Post pizza ride. Felt a bit heavy and HR rose quite easily but I think that’s because I’m not very fatigued,Ride,2026-07-23 18:04:18+00:00,70.6,72.9,16.55,567.6,138.7,7.1,166,100.7,,,,,14.07,32.21,,764,28,COROS DURA,Not Available
19447004377,Isle La Motte TT,"5k run- 23:10.8
1:15 transition
~9mi bike- 27:56.4
1:48.5 transition
Buoy and back swim- 4:39.5

Massive effort. Tons of fun",Workout,2026-07-24 14:10:00+00:00,53.2,58.9,11.87,127,175.3,22.2,194,,,,,,13.39,24.73,80.2,996,140,Garmin Forerunner 245,Not Available
19463640071,Afternoon Ride,Felt pretty bagged to start the ride but found a nice groove. Shocked by avg speed at the end,Ride,2026-07-25 17:40:09+00:00,104.1,105,26.74,567.6,137.3,6.7,157,183.8,,,,,15.42,33.55,,1107,36,COROS DURA,SBC Gravel
19478385045,Recovery,Short spin with Livia and fam. Felt tired to start,Ride,2026-07-26 15:28:21+00:00,41.5,56,8.26,144.4,111.3,13.8,138,76.1,,,,,11.93,25.05,,303,6,COROS DURA,Not Available
19491729076,WU,,Workout,2026-07-27 22:05:01+00:00,10.1,10.1,0,0,147.7,10.9,164,,,,170.8664835,127,0,0,,0,6,Strava App,Not Available
19492341229,20x500m,"Felt very controlled. First 10 were clicking along, and it only started to bite about 15-16 in",Rowing,2026-07-27 22:20:48+00:00,56.6,56.6,0,0,169.7,13.4,187,,,,267.310537,109.4,0,0,,0,114,Strava App,Not Available
19505657873,Afternoon Ride,"That was a hard route, with some decent sized climbs, cross head in back half, and a bumpy gravel section to finish. Ended up having some z2 intervals to get through spots. Fun time though!",Ride,2026-07-28 18:12:40+00:00,117.2,119,26.33,1692.9,137.4,12.1,163,180.2,,,,,13.48,38.25,,1247,50,COROS DURA,SBC Gravel
19515235881,WU,,Rowing,2026-07-29 13:35:37+00:00,10.1,10.1,0,0,148.3,15.3,165,,,,,,0,0,,0,9,Strava App,Not Available
19515580502,25’ MI,Honestly felt not as hard as last MI but HR was very high,Rowing,2026-07-29 13:49:30+00:00,25.1,25.1,0,0,188,9.4,198,,,,238.1149428,113.7,0,0,,0,91,Strava App,Not Available
19535965012,Evening Ride,Slow and HR a bit higher. I'll attribute it to being in the car for 4hrs and spending the night and morning moving. Beautiful to get out.,Ride,2026-07-30 22:28:56+00:00,85.1,85.4,19.54,1207.3,139.9,7.7,162,124.2,,,,,13.77,34.45,,934,37,COROS DURA,Not Available
19548068918,Afternoon Ride,HR came up a bit in back 45' or so. Maybe not enough fueling? Otherwise really nice ride!,Ride,2026-07-31 20:50:56+00:00,114.3,116.2,26.71,1440.3,136.6,8.4,163,179.6,,,,,14.01,31.54,,1200,41,COROS DURA,SBC Gravel
19562174341,Afternoon Ride,Pretty sluggish for most of it. I think I'm really not eating enough on the farm. That and I need to remember a training week should have me tired towards the end. I'm not going to have a breakthrough midweek were suddenly I'm crazy fast.,Ride,2026-08-01 21:10:10+00:00,126.8,129,29.56,1558.4,135.4,9.4,164,121.4,,,,,13.99,31.32,,1313,43,COROS DURA,Not Available
19589697924,Afternoon Ride,"Slightly tougher than normal, even with skinsuit. Late night possibly the culprit? Also I'm getting used to not really being fully warm until about 30-45' in. Remember that for when I get on the trainer",Ride,2026-08-03 21:26:41+00:00,115,115,26.63,1466.5,138.8,7.8,159,178.3,,,,,13.9,30.65,,1241,48,COROS DURA,SBC Gravel
19600997381,WU,,Rowing,2026-08-04 17:39:39+00:00,10.1,10.1,0,0,146.1,13.1,164,,,,170.8664835,127,0,0,,0,7,Strava App,Not Available
19602015588,22x500m,"Best one yet. Went a bit more conservative to start and that made all the difference. Pushed at 8, then again at 15, then again at 21 and 22. First time feeling like I was in the drivers seat on this workout",Rowing,2026-08-04 17:52:59+00:00,62.1,62.1,0,0,169.6,14.2,193,,,,268.0449062,109.3,0,0,,0,125,Strava App,Not Available
19603483915,Afternoon Ride,With Livia right after 500s. Honestly pretty gritty,Ride,2026-08-04 19:43:23+00:00,79.4,79.4,18.1,830.1,136.8,10.3,159,107.4,,,,,13.69,36.24,,833,30,COROS DURA,Not Available
19617383578,Afternoon Ride,Totally inadequate fueling and it was really hot out. Absolute struggle fest,Ride,2026-08-05 17:21:42+00:00,121.4,123.0,26.75,1407.5,143.4,7.2,167.0,110.1,,,,,13.22,31.76,,1385.0,68.0,COROS DURA,Not Available
19630780567,WU,,Rowing,2026-08-06 17:05:06+00:00,10.1,10.1,0.0,0.0,140.7,13.8,158.0,,,,,,0.0,0.0,,0,4.0,Strava App,Not Available
19630780566,30’ MI,"Paced a bit better, negative split throughout. These are really hard!",Rowing,2026-08-06 17:21:31+00:00,30.1,30.1,0.0,0.0,176.9,14.1,192.0,,,,,,0.0,0.0,,0,80.0,Strava App,Not Available
19646933154,Afternoon Ride,"Wrapping up minutes for the week so I can rest tomorrow. Fueling was pretty good, with one untapped waffle, a pop tart and a quarter (half?), and an lmnt with 50mg of caffeine. About 100-120g of carbs? 3 bottles of water (~75mg).",Ride,2026-08-07 20:32:04+00:00,178.5,186.1,41.05,2234.3,139.4,9.0,163.0,116.8,,,,,13.8,34.45,,1944.0,77.0,COROS DURA,Not Available
19670969656,WU,,Rowing,2026-08-09 16:07:03+00:00,10.1,10.1,0.0,0.0,139.9,15.5,156.0,,,,,,0.0,0.0,,0,4.0,Strava App,Not Available
19671510508,10k TT,"Good pacing. I feel like RPE wise, it was as hard as ~40’, 10k type pieces I’ve done historically but HR didn’t get that high",Rowing,2026-08-09 16:22:13+00:00,37.9,37.9,0.0,0.0,177.2,11.5,193.0,,,,,,0.0,0.0,,0,99.0,Strava App,Not Available
19674732375,Afternoon Ride,"Legs were bricks for most of this ride. Beautiful as always to go riding though, so didn’t matter too much.",Ride,2026-08-09 21:27:10+00:00,104.6,105.7,24.29,1263.1,134.0,8.7,157.0,116.9,,,,,13.93,34.0,,1066.0,33.0,COROS DURA,Not Available
19688360416,Afternoon Ride,,Ride,2026-08-10 21:32:24+00:00,134.5,134.5,29.54,1965.2,137.1,10.8,164.0,122.5,,,,,13.18,37.36,,1419.0,54.0,COROS DURA,Not Available
19702783598,Afternoon Ride,,Ride,2026-08-11 20:32:46+00:00,105.9,112.2,24.3,1315.6,136.4,9.5,163.0,115.2,,,,,13.77,33.78,,1112.0,39.0,COROS DURA,Not Available
19724555491,Morning Ride,Take 1 w/ Isaac. Got a flat,Ride,2026-08-13 10:52:36+00:00,60.7,68.4,15.02,816.9,140.8,16.9,174.0,124.3,,,,,14.84,32.21,,676.0,35.0,COROS DURA,Not Available
19730182912,Afternoon Ride,In jersey on new bike. The 32mm panaracer tires are fast as heck.,Ride,2026-08-13 18:22:36+00:00,106.4,106.4,27.36,1551.8,138.6,9.9,162.0,141.8,,,,,15.43,31.76,,1143.0,46.0,COROS DURA,Not Available
19791545797,WU,Very caffeinated. Had a full moka pot before,Rowing,2026-08-18 10:26:50+00:00,10.1,10.1,0.0,0.0,151.2,12.2,168.0,,,,,,0.0,0.0,,0,9.0,Strava App,Not Available
19792608303,Morning Row,,Rowing,2026-08-18 10:41:54+00:00,66.1,66.1,0.0,0.0,156.6,32.9,193.0,,,,,,0.0,0.0,,0,101.0,Strava App,Not Available
19815098619,Afternoon Ride,Feeling pretty rough after a night of heavy boozing. Riding around here just doesn’t fill my cup like VT riding,Ride,2026-08-19 20:13:36+00:00,81.7,83.9,21.33,748.0,135.0,8.0,156.0,126.2,,,,,15.67,36.24,,841.0,25.0,COROS DURA,Not Available
19857152062,Afternoon Ride,"6hrs in the car, only a breakfast sandwich and pb&j eaten all day beforehand, and not much water. I felt totally fine! The middle was a bit of a slog with (what felt like) a strong crosswind, and there was definitely some cardiac drift, but I finished feeling really fresh. Had a pb&j and a creemee during the ride (1hr, 2hr, 2.5hr)",Ride,2026-08-22 20:21:49+00:00,178.6,190.6,43.49,2680.4,139.4,12.0,170.0,134.7,,,,,14.61,38.7,,1945.0,85.0,COROS DURA,Not Available
19868552074,Morning Ride,"Way grittier than yesterday. I’m definitely feeling really tired. Big cardiac drift it seemed, but usually I can keep the HR a bit lower off the start. Today it seemed HR was high from the jump",Ride,2026-08-23 14:07:45+00:00,185.2,186.7,43.31,2687.0,142.3,12.4,171.0,129.1,,,,,14.03,37.13,,2079.0,106.0,COROS DURA,Not Available
19896514957,WU,,Rowing,2026-08-25 17:28:15+00:00,10.0,10.0,0.0,0.0,145.6,12.7,167.0,,,,,,0.0,0.0,,0,7.0,Strava App,Not Available
19897357931,2x20’/4’r,"Last minute 1:41-1:43 @30-32s/m. First piece felt pretty controlled but the 4’r didn’t leave me feeling very fresh for the next piece. I was struggling with the effort a good bit, though hung onto the splits well",Rowing,2026-08-25 17:42:28+00:00,44.0,44.0,0.0,0.0,177.0,16.0,198.0,,,,,,0.0,0.0,,0,115.0,Strava App,Not Available
19899716463,Afternoon Ride,Ride w/ Livia to State of Farming doc! Speed was a bit down but HR was way elevated so I think it all works out. Just passing the minutes,Ride,2026-08-25 20:53:53+00:00,56.3,56.3,11.14,610.2,136.1,8.4,158.0,96.1,,,,,11.88,31.76,,590.0,19.0,COROS DURA,Not Available
19914163472,Afternoon Ride,"Last hour got super gritty. Hot out, didn’t drink enough, etc, etc. I think some easier gearing might be nice too",Ride,2026-08-26 17:28:31+00:00,188.8,213.3,45.73,3038.1,144.1,11.6,173.0,134.1,,,,,14.54,36.69,,2165.0,119.0,COROS DURA,Not Available
19936689138,WU,,Rowing,2026-08-28 14:17:41+00:00,10.1,10.1,0.0,0.0,146.7,10.8,164.0,,,,,,0.0,0.0,,0,7.0,Strava App,Not Available
19937087280,30’ MI,"Really brutal. I just felt sort of weak going in. Maybe a bit of NyQuil in the system, maybe I’m just battling what Livia had. Split was still decent though so not mad about it. Next time flip the pacing",Rowing,2026-08-28 14:31:58+00:00,30.1,30.1,0.0,0.0,181.7,12.7,198.0,,,,,,0.0,0.0,,0,92.0,Strava App,Not Available
19939702165,Afternoon Ride,W/ Livia. Good to get some extra minutes in at a lower intensity,Ride,2026-08-28 17:23:14+00:00,94.2,94.2,17.51,1066.3,127.5,8.7,149.0,95.9,,,,,11.15,36.24,,874.0,22.0,COROS DURA,Not Available
19979028246,Lunch Ride,,Ride,2026-08-31 15:44:49+00:00,52.1,109.3,9.78,472.4,,,,95.3,,,,,11.25,22.15,,500.0,,COROS DURA,Not Available
19982034493,Afternoon Ride,"Sort of miserable riding in Boston. Ended up being about 70' mostly uninterrupted, then got a flat.",Ride,2026-08-31 20:15:27+00:00,112.5,120.7,26.98,623.4,131.2,9.7,151.0,103.9,,,,,14.38,21.7,,1084.0,31.0,COROS DURA,Not Available
19982335861,Evening Ride,,Ride,2026-08-31 22:31:17+00:00,16.2,16.2,3.6,164.0,136.3,15.8,175.0,110.4,,,,,13.35,24.61,,168.0,6.0,COROS DURA,Not Available
